job_stage_id,id,name
2926189,4345548,Former Manager
2926374,4345752,Former Manager
2966387,4401000,Former Manager
3101256,4598242,Take Home Test
3162250,4691574,Case Study
3203293,4757520,Application Review
3255170,4832761,Shortlist
3291548,4890465,Case Study
3336763,4958293,StrengthsFinders
3424575,5089542,Cultural Fit Interview
3500137,5201650,Shortlist
3519196,5227565,Face to Face Interview
3595498,5335589,Face to Face Interview
3678255,5453292,Face to Face Interview
3770850,5583533,Application Review
3831679,5666901,Former Manager
3849667,5693763,Case Study
3926552,5806801,Former Manager
4028961,5970111,Preliminary Screening Call
4060398,6016205,StrengthsFinders
4218578,6242539,Case Study
4640882,6864463,Case Study
4876626,7211314,Final Interview (Company Fit)
5199382,7917662,Meet and Greet
5749238,8560002,Follow-Up Closing Call
5838788,8693551,Former Manager
5907724,8799151,Final Interview (Company Fit)
6018543,8959290,Competency based F2F Interview
6046963,8999119,Meet and Greet
6355995,9470442,Former Manager
6409080,9565750,Shortlist
6484838,9680157,Case Study
6610806,9892841,Application Review
6731575,10099992,Former Manager
6779462,10178967,Former Manager
7138376,10746631,Preliminary Screening Call
7177648,10808342,Follow-Up Closing Call
7206700,10855331,Final Interview (Company Fit)
7227832,10887173,Final Interview (Company Fit)
7227939,10887329,Preliminary Screening Call
7287629,10982233,Follow-Up Closing Call
7329078,11051306,Final (Company Fit) Interview
7430734,11223602,Team Fit Interview
7583168,11467802,Culture Fit
7614528,11517710,Former Manager
7685631,11627360,Case Study
7751651,11729889,Case Study and Team Fit
7807851,11820078,Final (Company Fit) Interview
7907738,11986010,Preliminary Screening
7927117,12016556,Technical Phone Interview
8034020,12197442,Final Interview (Company Fit)
8134909,12359194,Typeform Screening
8338216,12705868,Shortlist
8414428,12830279,Application Review
8480951,12937326,The WHO interview
8527014,13026338,Former Manager
8563886,13083721,Case Study
8576993,14744593,Technical Interview
8661038,13231904,Role & Team Fit Interview
8797544,13443696,Former Manager
8867856,13553023,Shortlist
8919610,13636044,Case Study
8998300,13763243,StrengthsFinders
9046653,13848375,Case Study
9099659,13937914,Application Review
9110599,13954046,Shortlist
9172187,14047943,Shortlist
9186349,14069590,Typeform Screening
9230494,14140001,Case Study
9376219,14375868,Meet & Greet
9406424,14424495,Technical Interview
9411069,14430396,Former Manager
9455735,14504590,Former Manager
9517935,14602085,Application Review
9519779,14604654,Typeform Screening
9528596,14618600,Screening Call
9536612,14630786,Team Fit Interview
9537067,14631380,Follow-Up Closing Call
9557495,14662866,Gallup StrengthsFinders
9585626,14710839,Application Review
9593963,14724935,TypeForm Screening
9648374,14812098,Meet&Greet
9671396,14847150,Final (Company Fit) Interview
9676851,14856507,Meet & Greet
9713376,14914591,Application Review
9779572,15016989,Culture & Team Fit
9796072,15042612,Application Review
9805546,15057341,Gallup StrengthsFinders
10943973,16927939,Culture & Values Alignment Interview
11352365,17662730,Face to Face Interview
11546386,17973851,StrengthsFinders
11621393,18093186,Case Study Presentation & Technical
11653720,18156562,Culture fit Interview
11687472,18208834,Typeform Screening
11899296,18584074,Team Lead interview
12273318,19246597,Case Study
12484390,19618101,Meet & Greet
12872291,20320261,Case Study (take home)
12915047,20391894,Meet and Greet
12936982,20427561,Follow-Up Closing Call
13023771,20566775,Former Manager
13233416,20902122,Case Study Interview
13375829,21123673,Culture Fit Interview
13513114,21343140,Former Manager
13234905,20904264,Former Manager
13169775,20800668,Former Manager
13630949,21533942,Team Fit Interview
13631205,21534338,Application Review
13638531,21546416,Meet and Greet
13537989,21552651,Team Fit Interview
13650782,21565732,Application Review
13734171,21704513,Case Study
13780873,21777280,Former Manager
2926325,4345687,Competency & Cultural Fit Interview
2956669,4387139,Former Manager
3025915,4487512,Former Manager
3122527,4635944,Preliminary Screening Call
3182796,4727561,Shortlist
3248749,4823356,Skills and Behavioral Phone Interview
3255676,4833475,Face to Face Interview
3310733,4919762,Application Review
3343597,4968434,Face to Face Interview
3490923,5189019,Peer Panel Interview
3500154,6916888,Meet and greet
3519231,5227612,StrengthsFinders
3632397,6859244,Meet and greet
3683341,5461485,StrengthsFinders
3804394,5627867,Cultural Fit Interview
3849371,5693357,Shortlist
3857698,5705312,Case Study
3951284,5844887,Shortlist
4029319,5970570,Technical Test
4192297,6204803,Preliminary Screening Call
4354775,6439479,Face to Face Interview
4660418,6894217,Cultural Fit Interview
4991996,7436347,Strengths Finder
5700430,8486729,Shortlist
5750006,8561026,Follow-Up Closing Call
5851362,8712714,Application Review
6000686,8933066,Former Manager
6032185,8977023,Preliminary Screening
6354545,9468196,Preliminary Screening Call
6366234,9486688,Meet and Greet
6456327,9635397,Application Review
6549015,9791998,Culture Fit
6610812,9892849,Former Manager
6778465,10177726,Team Fit Interview
6846697,10289121,Team Fit Interview
7138444,10746732,Preliminary Screening Call
7177758,10808500,Follow-Up Closing Call
7227759,10887062,Case Study
7227928,10887317,Application Review
7227993,10887396,Preliminary Screening Call
7311242,11022774,Case Study
7351251,11089081,Follow-Up Closing Call
7547857,11411663,Follow-Up Closing Call
7584482,11469901,Case Study
7658094,11586086,Former Manager
7707829,11661259,Culture Fit
7790296,11790189,Competency based F2F Interview
7889138,11948237,Final Interview (Company Fit)
7916422,11999699,StrengthsFinders
7964124,12079033,Shortlist
8116209,12328598,Preliminary Screening Call
8134914,12359202,Former Manager
8338222,12705876,Former Manager
8414772,12830724,Case Study
8511310,13849307,Culture and Values Alignment Interview
8536583,13041387,Former Manager
8566598,13087532,Meet & Greet
8577155,13103195,StrengthsFinders
8671330,13247393,Team Fit Interview
8808240,13459735,Case Study
8901087,13606965,Meet & Greet
8945173,13676474,The WHO interview
9009866,13785540,Face to Face Interview
9056446,13867180,Application Review
9099665,13937922,Former Manager
9117921,13965638,Technical Interview
9172192,14047950,Meet and greet
9205872,14101931,Shortlist
9376031,14375581,Preliminary Screening (Typeform)
9404611,14422040,Culture Fit
9411003,14430307,Team & Culture fit Interview
9445578,14488932,case study
9457018,14506298,Former Manager
9517941,14602093,StrengthsFinders
9528439,14618374,Application Review
9528988,14619111,Typeform Screening
9536871,14631085,Case Study
9537194,14631557,Gallup StrengthsFinders
9557876,14663377,Meet&Greet
9585630,14710847,Meet&Greet
9614398,14755997,Face to Face
9659650,14829519,StrengthsFinders
9671514,14847314,Gallup StrengthsFinders
9676974,14856727,Final (Company Fit) Interview
9713382,14914599,Meet and greet
9788322,15030491,Culture & Team Interview
9796076,15042620,Former Manager
10605238,16402592,Team Fit Interview
11111898,17206418,Final (Company Fit) Interview
11202784,17374697,Former Manager
11352438,17662825,Typeform Screening
11581598,18029125,Behavioral Phone Interview
11623162,18095710,Gallup StrengthsFinders
11653739,18156580,Culture fit Interview
11687573,18208984,Preliminary Screening Call
12023194,18804040,Meet and greet
12323337,19334243,Gallup StrengthsFinders
12845043,20270984,Follow-Up Closing Call
12872608,20320695,Meet and Greet
12936890,20427432,Face to face
12981839,20499551,Team Fit Interview
13134635,20741757,Follow-Up Closing Call
13198608,20846315,Culture fit Interview
12914790,20391517,Case Study
13429679,21207415,Application Review
13543602,21389446,Preliminary Screening Call
13631039,21534068,Former Manager
13650788,21565741,Former Manager
13691639,21637793,Application Review
13750482,21730099,Team Fit Interview
2864157,4246129,Application Review
2926359,4345734,Competency & Cultural Fit Interview
2958759,4390160,Application Review
3047009,4520937,Preliminary Screening (Typeform)
3128496,4645205,Face to Face Interview
3197688,4749310,Preliminary Screening Call
3255076,4832641,Interview with Founders
3255924,4833796,Face to Face Interview
3310740,4919769,Face to Face Interview
3405473,5057252,Case Study
3497911,5198654,Case study
3512610,5216599,StrengthFinder
3530888,5245264,Cultural Fit Interview
3664379,5433832,StrengthsFinders
3724720,5519329,Preliminary Screening Call
3831542,5666759,StrengthsFinders
3849377,5693363,Former Manager
3869920,5723482,Take Home Test
3980153,5884792,StrengthsFinders
4029322,5970573,Former Manager
4218569,6242529,Application Review
4363247,6455884,First Face to Face
4860854,7188580,Final (Company Fit) Interview
5199376,7745791,Application Review
5700435,8486735,Meet and greet
5838784,8693546,First Face to Face
5851367,8712720,Final (Company Fit) Interview
6009508,8945167,Final (Company Fit) Interview
6032189,8977029,Meet and Greet
6355991,9470436,Preliminary Screening Call
6408530,9564739,StrengthsFinders
6456368,9635441,Former Manager
6594345,9858569,Face to Face Interview
6731571,10099986,Competency based interview
6779458,10178961,First Face to Face
6942338,10439602,Face to Face Interview
7138449,10746739,StrengthsFinders
7197665,10841407,Competency Interview
7227826,10887166,Application Review
7227934,10887323,Case Study
7227997,10887402,Meet and greet
7329073,11051300,Application Review
7430724,11223586,Preliminary Screening Call
7583163,11467796,Application Review
7614524,11517704,Face to Face
7676172,11613180,Previous Leaders
7749698,11727190,Technical Test
7790300,11790195,Former Manager
7898664,11969269,Team Fit Interview
7925487,12014219,Case Study
7964129,12079039,Team Fit Interview
8126309,12344547,Shortlist
8287838,12615059,Application Review
8355976,12735810,The WHO interview
8480566,12936756,StrengthsFinders
8527009,13089851,Typeform Screening
8563883,13160960,Preliminary Screening
8576986,14648647,Preliminary Screening (Call)
8577657,13103896,StrengthsFinders
8797538,13443688,Application Review
8855020,13531750,Case Study
8918732,13634595,Meet & Greet
8945176,13676480,Meet & Greet
9009870,13785546,Former Manager
9056451,13867187,Gallup StrengthsFinders
9110500,13953850,Case Study
9171439,14046918,StrengthsFinders
9172558,14048488,StrengthsFinders
9205878,14101939,Former Manager
9376215,14375862,Shortlist
9404621,14422050,Case Study Presentation
9411065,14430390,The WHO interview
9455731,14504584,Face to Face Interview
9517852,14601979,Team Fit Interview
9518683,14603119,Final (Company Fit) Interview
9528443,14618380,Team Fit Interview
9528991,14887817,Technical Interview
9537063,14631374,Application Review
9556577,14661605,case study
9558053,14663625,Team & Culture Interview
9593891,14724845,Team Fit Interview
9648371,14812092,Screening Call
9671392,14847143,Application Review
9676846,14856500,Shortlist
9696409,14887670,Case Study
9778236,15014693,Gallup StrengthsFinder
9788387,15030583,Gallup StrengthsFinders
9805216,15056853,Gallup StrengthsFinders
10943970,16927872,Typeform Screening
11141083,17254246,Culture fit Interview
11351951,17662052,Meet & Greet
11352442,17662831,Final Interview (Company Fit)
11621222,18092967,Culture & Team Fit
11653715,18156556,Application Review
11667784,18177095,Team Fit Interview
11687577,18208990,StrengthsFinders
12271419,19243435,Culture & Values Alignment Interview
12484387,19618095,Typeform Screening
12845884,20272485,Team Fit Interview
12936924,20427487,Lead Connect
13134642,20741763,Team Fit Interview
11155892,17281050,StrengthsFinders
13406908,21171479,Team Fit Interview
13429795,21207593,Founder Meet & Greet
13513109,21343134,Application Review
13234902,20904258,Meet and Greet
13528600,21366213,One Way Video Interview_Team & Culture Fit
13537985,21380936,Typeform Screening
13575949,21441382,Culture Fit Interview
13604213,21489632,Culture Fit
13626390,21525374,Team Fit Interview
13638527,21546410,Application Review
13650330,21565095,Technical Interview
13691643,21637799,Former Manager
13780868,21777274,Application Review
2926328,4345691,StrengthsFinders
2958738,4390134,Former Manager
3047007,4520935,Preliminary Screening Call
3128494,4645203,Application Review
3188780,4736308,StrengthsFinders
3252783,4829432,Preliminary Screening Call
3255840,4833689,Face to Face Interview
3310738,4919767,Former Manager
3367381,5147959,Cultural/Team Fit Interview
3497909,5198652,Shortlist
3512608,5216597,Face to Face Interview
3519258,5227637,Cultural Fit Interview
3664375,5433828,Preliminary Screening Call
3717152,5508403,Application Review
3831540,5666757,Face to Face Interview
3849375,5693361,Case Study
3869917,5723479,Preliminary Screening Call
3980151,5884790,Preliminary Screening Call
4029321,6631325,Team Fit Interview
4192301,6204807,Former Manager
4354779,6439483,Final Interview
4860842,7188561,Technical Phone Interview
4991998,8444416,Meet and Greet
5700434,8486733,StrengthsFinders
5838782,8693544,Shortlist
5851366,8712718,StrengthsFinders
6009506,8945164,Technical Phone Interview
6032189,8977027,Team Fit
6355989,9470434,Application Review
6408528,9564737,Preliminary Screening Call
6456367,9635439,Final (Company Fit) Interview
6594343,9858567,Shortlist
6731569,10099984,Application Review
6779456,10178959,Shortlist
6942336,10439600,Shortlist
7138447,10746737,Follow-Up Closing Call
7197601,10841350,Final Interview (Company Fit)
7227761,10887066,Meet and greet
7227932,10887321,Case Study
7227997,10887400,Case Study
7312068,11023970,Case Study
7382546,11148821,StrengthsFinders
7571945,11450717,Shortlist
7614522,11517702,Application Review
7676167,12855201,Face to Face (Optional)
7749630,11727108,Application Review
7790299,11790193,Culture Fit
7898662,11969267,Case Study
7925485,12014217,Face to Face Interview
7964128,12079037,StrengthsFinders
8116213,12328602,Former Manager
8209263,12475006,Gallup StrengthsFinders
8355974,12735808,Shortlist
8480564,12936754,Technical Interview
8513903,13006848,Typeform Screening
8563082,13082489,Application Review
8576985,13102976,Shortlist
8577655,13103894,Preliminary Screening Call
8753563,13377012,Culture and Values Alignment Interview
8855017,13531744,Preliminary Screening
8918725,13634581,Typeform Screening
8945175,13676478,Gallup StrengthsFinders
9009869,13785544,Team Fit Interview
9056450,13867184,Functional Knowledge Interview
9110499,13953848,Technical interview
9171438,14046916,Face to Face Interview
9172556,14048486,Competency Interview
9205877,14101936,Final Interview (Team & Culture Fit)
9376035,14375587,Team Fit Interview
9404618,14422047,Shortlist
9411063,14430388,Shortlist
9455730,14504582,Typeform Screening
9517849,14601976,TypeForm Screening
9518682,14603117,Case Study
9528442,14618378,Case Study
9528991,14619116,Team & Culture Interview
9536873,14631089,Former Manager
9537196,14631561,Former Manager
9558048,14663620,Shortlist
9593889,14724843,Technical Interview
9648370,14812090,Application Review
9659651,14981577,Case Study
9671516,14847318,Former Manager
9696406,14887666,Application Review
9778170,15014598,Culture & Team Fit
9788385,15030580,Typeform Screening
9805215,15056851,Screening Call
10605242,18246843,Technical Interview
11141082,17254244,Technical Test
11351949,17662050,Case Study
11352442,17662829,Meet & Greet
11621221,18092965,Gallup StrengthsFinder
11623244,18095830,Culture Fit
11667781,18177092,Preliminary Screening Call
11687575,18208988,Follow-Up Closing Call
12271417,19243432,Technical interview
12484385,19618093,Application Review
12845882,20272483,Preliminary Screening Call
12914788,20391515,Face to Face (Optional)
12936893,20427437,Team Fit Interview
13023766,20566767,Application Review
13134640,20741761,Preliminary Screening Call
13169768,20800660,Application Review
13234901,20904257,Application Review
11155890,17281048,Meet and greet
12914793,20391521,Previous Leaders
13406906,21171477,Competency Based Interview
13429684,21207423,Former Manager
13428459,21205728,Former Manager
13575948,21441380,Competency Based Interview
13604211,21489630,Preliminary Screening Call
13650329,21565093,Face to Face Interview
13691642,21637797,Final (Company Fit) Interview
2926146,4345491,StrengthsFinders
2926361,4345737,Former Manager
2958761,4390162,Competency & Cultural Fit Interview
3047017,4520948,Preliminary Screening Call
3128498,4645207,StrengthsFinders
3197692,4749314,Former Manager
3255094,4832666,Shortlist
3291544,4890461,Application Review
3329056,4947203,Team and Cultural Fit Interview
3414101,5069814,Peer Panel Interview
3497913,5198656,StrengthsFinders
3519192,5227561,Application Review
3554873,5275164,Final Interview
3664586,5434144,Final Interview
3724722,5519331,StrengthsFinders
3831675,5666897,Shortlist
3849663,5693759,Shortlist
3869922,5723484,Former Manager
3980155,5884794,Cultural/Team Fit Interview
4060394,6016201,Shortlist
4218574,6242535,Shortlist
4640878,6864459,Shortlist
4876620,7211308,Application Review
5199378,7745793,Preliminary Screening Call
5749234,8559996,Application Review
5838786,8693548,StrengthsFinders
5851368,8712722,Former Manager
6009509,8945169,Former Manager
6046959,8999113,Application Review
6355993,9470438,StrengthsFinders
6408531,9564741,Final Interview (Company Fit)
6484834,9680153,Shortlist
6594347,9858571,Take Home Test
6731573,10099988,StrengthsFinders
6779460,10178963,StrengthsFinders
6942341,10439605,Cultural/Team Fit Interview
7177645,10808337,Preliminary Screening Call
7206695,10855326,Shortlist
7227828,10887168,Preliminary Screening Call
7227934,10887325,Meet and greet
7287624,10982228,Application Review
7329075,11051302,Technical Interview
7430727,11223589,Technical Test
7583165,11467798,Competency based F2F Interview
7614526,11517706,StrengthsFinders
7685628,11627357,Preliminary Screening Call
7749700,11727193,Final (Company Fit) Interview
7807163,11819036,StrengthsFinders
7898664,11969271,Follow-Up Closing Call
7925511,12014246,Final Interview (Company Fit)
7964130,12079040,Former Manager
8126314,12344552,Team Fit Interview
8287840,12615061,Typeform Screening
8355977,12735813,Culture and Values Alignment Interview
8480567,12936758,Team Fit Interview
8527012,13026334,StrengthsFinders
8563885,13083717,Functional Knowledge Interview
8576987,13102979,Case Study
8577658,13103898,Final Interview (Company Fit)
8797541,13443718,Case Study
8855066,13531817,Face to Face Interview
8919258,13635597,Case Study
8971904,13721328,Shortlist
9046650,13848371,Application Review
9056452,13867189,Meet & Greet
9110501,14782809,Meet & Greet
9171440,14046920,Meet & Greet
9172559,14048490,Final Interview (Company Fit)
9230491,14139997,Shortlist
9376217,14375864,Technical Interview
9404621,14422052,Culture Fit
9411066,14430392,Case Study
9455733,14504586,StrengthsFinders
9517852,14601981,Follow-Up Closing Call
9518684,14603121,Former Manager
9528443,14618382,Meet&Greet
9536608,14630782,Application Review
9537065,14631376,Technical Interview
9557493,14662862,Typeform Screening
9558053,14663735,Behavioural
9593891,14724847,Follow-Up Closing Call
9648373,14812094,Case Study
9671394,14847146,Face to Face Interview
9676849,14856503,Gallup StrengthsFinders
9696410,14887672,Team & Culture Interview
9779482,15016859,Typeform Screening
9788388,15030585,Culture & Team Interview
9805217,15056855,Culture & Values Alignment Interview
10943971,16927874,Case Study
11141131,17254322,Meet and greet
11351951,17662054,Team/Culture Fit Interview
11546382,17973847,Application Review
11621223,18092969,Former Manager
11653717,18156558,Meet and greet
11667784,18177097,Follow-Up Closing Call
11836060,18468558,Competency Interview
12271419,19243437,Team Meet & Greet
12484389,19618097,Portfolio Review
12845884,20272487,Follow-Up Closing Call
12936980,20427557,Preliminary Screening Call
13023769,20566771,Meet & Greet
13098318,20682641,Competency based interview
13134642,20741765,Follow-Up Closing Call
11155893,17281052,Culture fit Interview
13375826,21123669,Preliminary Screening Call
13406908,21171481,Meet and Greet
13513111,21343136,Meet and Greet
13234903,20904964,Case Study Present & Review
13575950,21441384,Former Manager
13604215,21489634,StrengthsFinders
13367395,21110733,Culture & Team Fit
13630945,21533938,Application Review
13638529,21546412,Competency Based Interview
13650331,21565097,Team Fit Interview
13780870,21777276,Culture Fit Interview
2926217,4345574,Application Review
2927188,4346776,Application Review
3025890,4487484,Application Review
3101258,4598244,StrengthsFinders
3175087,4712043,Shortlist
3203295,4757522,Preliminary Screening Call
3255208,4832813,Case Study
3291550,4890467,StrengthsFinders
3336765,4958295,Take Home Test
3424575,5089544,Case Study
3500139,5201652,Face to Face Interview
3519198,5227567,Former Manager
3595500,5335591,Case Study
3678258,5453295,Former Manager
3770852,5583535,Take Home Test
3831683,5666904,Cultural Fit Interview
3849669,5693765,Cultural/Team Fit Interview
3951261,5844861,Reference Check
4028964,5970114,StrengthFinders
4060400,6016207,Former Manager
4218580,6242541,Cultural/Team Fit Interview
4640884,6864465,Former Manager
4876626,7562873,Team Fit Interview
5314120,7914923,Team Fit Interview
5749240,8560004,StrengthsFinders
5842759,8699687,Shortlist
5907725,8799154,Former Manager
6018545,8959292,StrengthsFinders
6046965,8999121,StrengthsFinders
6366230,9486682,Preliminary Screening
6409082,9565752,First Face to Face
6549010,9791992,Application Review
6610808,9892843,Face to Face
6778288,10177517,Application Review
6846692,10289115,Application Review
7138379,10746634,Team Fit Interview
7177650,10808344,StrengthsFinders
7206700,10855333,Meet and Greet
7227833,10887175,Former Manager
7227942,10887332,StrengthsFinders
7287629,10982235,Team Fit Interview
7329079,11051308,Former Manager
7547853,11411657,Application Review
7583169,11467804,Former Manager
7658088,11586078,Application Review
7707824,11661253,Application Review
7751652,11729891,StrengthsFinders
7807851,11820080,Meet&Greet
7907740,11986012,Case Study
7927119,12016558,Team Fit
8101896,12306231,StrengthsFinders
8134910,12359196,Face to Face Interview
8338218,12705870,Face to Face Interview
8414434,12830287,Former Manager
8482263,12939150,Shortlist
8536578,13041442,Typeform Screening
8563888,13083723,Former Manager
8577146,13103184,Application Review
8671325,13247371,Application Review
8808235,13459727,Application Review
8901083,13606958,Shortlist
8919611,13636046,Company Fit Interview
8998301,13763245,Team Fit Interview
9046655,13848377,Final Interview (Company Fit)
9099661,13937916,Typeform Screening
9110601,13954048,Face to Face Interview
9172189,14047945,Competency Interview
9186350,14069592,Case Study
9230495,14140003,Culture & Values Alignment Interview
9404594,14422020,Application Review
9410998,14430301,Application Review
9444244,14487561,Preliminary Screening (Typeform)
9457013,14506290,Typeform Screening
9517937,14602087,Technical Interview
9519781,14604657,Case Study
9528598,14618603,Gallup StrengthsFinders
9536612,14630788,Follow-Up Closing Call
9537069,14631382,StrengthsFinders
9557496,14662868,Final (Company Fit) Interview
9585627,14710841,Screening Call
9593965,14724937,Case Study
9659464,14829281,Team Fit
9671397,14847152,Former Manager
9676970,14856720,Application Review
9713378,14914593,Typeform Feedback
9788318,15030485,Application Review
9796073,15042614,Screening Call
10605233,16402585,Application Review
11111894,17206412,Application Review
11352367,17662732,StrengthsFinders
11546387,17973853,Final (Company & Team Fit) Interview
11621393,18093188,Meet & Greet
11653734,18156574,Application Review
11687474,18208836,Case Study
12023186,18804029,Application Review
12273321,19246600,Culture fit
12484392,19618103,Former Manager
12872530,20320583,Shortlist
12915050,20391898,StrengthsFinders
12936984,20427563,StrengthsFinders
13098319,20682643,Culture fit Interview
13198603,20846309,Meet and greet
13233417,20902073,Final (Company Fit) Interview
13375830,21123675,Former Manager
13527580,21364870,Preliminary Screening Call
13539558,21383294,Case Study
13630950,21533945,Former Manager
13631207,21534340,Case Study
13650784,21565734,Face to Face Interview
13734172,21704515,Final (Company Fit) Interview
2926187,4345545,Competency & Cultural Fit Interview
2926370,4345747,Application Review
2958763,4390164,StrengthsFinders
3101253,4598239,Application Review
3135162,4654983,Minimum Requirements Phone Interview
3202517,4756323,Application Review
3255140,4832725,Shortlist
3291546,4890463,Face to Face Interview
3336761,4958291,Shortlist
3424573,5089540,Preliminary Screening Call
3497915,5198658,Former Manager
3519194,5227563,Preliminary Screening Call
3595496,5335587,Shortlist
3678253,5453290,Preliminary Screening Call
3724731,5519337,Former Manager
3831677,5666899,Face to Face Interview
3849665,5693761,Face to Face Interview
3926547,5806796,Typeform Screening
4028959,5970109,Application Review
4060396,6016203,Face to Face Interview
4218576,6242537,Face to Face Interview
4640880,6864461,Face to Face Interview
4876622,7211310,Preliminary Screening Call
5199382,7745798,Team Fit Interview
5749238,8560000,Team Fit Interview
5838787,8693550,Meet and greet
5907720,8799147,Preliminary Screening
6018540,8959287,Application Review
6046963,8999117,Team Fit Interview
6355994,9470440,Final Interview (Company Fit)
6408532,9564743,Former Manager
6484836,9680155,Face to Face Interview
6594348,9858573,Peer Panel Interview
6731574,10099990,Team Fit Interview
6779461,10178966,Meet and greet
6942342,10439608,Former Manager
7177648,10808340,Team Fit Interview
7206697,10855328,First Face to Face
7227831,10887171,StrengthsFinders
7227937,10887327,Application Review
7287627,10982231,Face to Face
7329077,11051304,StrengthsFinders
7430734,11223600,Meet & Greet
7583167,11467800,StrengthsFinders
7614527,11517708,Final (Company Fit) Interview
7685629,11627358,Face to Face Interview
7749701,11727195,Former Manager
7807164,11819038,Culture Fit
7898666,11969273,StrengthsFinders
7927115,12016554,Application Review
8011593,12161655,Technical Phone Interview
8126315,12344554,Former Manager
8317942,12674745,Meet & Greet
8355978,12735814,Gallup StrengthsFinders
8480568,12936760,Previous Leaders
8527013,13026336,Final (Company Fit) Interview
8563885,13083719,Culture & Values Alignment Interview
8576993,13102992,Culture Fit Interview
8577659,13103899,Former Manager
8797543,13443694,Final (Company & Team Fit) Interview
8855074,13531834,Team & Culture Fit
8919607,13636041,Application Review
8998298,13763240,Typeform Screening
9046652,13848373,Typeform Screening
9072852,13894270,Case Study
9110503,13953854,Former Manager
9171441,14046921,Former Manager
9172560,14048492,Former Manager
9230493,14139999,The WHO interview
9376218,14375866,Gallup StrengthsFinders
9404622,14422054,StrengthFinder Assessment
9411067,14430394,Culture & Values Alignment Interview
9455734,14504588,Meet&Greet
9517854,14601983,StrengthsFinders
9519145,14603750,TypeForm Screening
9528595,14618598,Application Review
9536610,14630784,Technical Interview
9537067,14631378,Team Fit Interview
9557494,14662864,Face to Face Interview
9558053,14767188,Objection Handling
9593893,14724849,StrengthsFinders
9648374,14812096,Team Fit Interview
9671395,14847148,Gallup StrengthsFinders
9676850,14856505,Team Fit Interview
9696410,14887681,Technical Interview
9779571,15016987,Gallup StrengthsFinder
9788388,15030594,Technical Interview
9805219,15056857,Former Manager
10943973,16927877,Meet & Greet
11155889,17281047,Typeform Screening
11352363,17662728,Application Review
11546384,17973849,Typeform Screening
11621391,18093184,Typeform Screening
11653719,18156560,StrengthsFinders
11667786,18177099,StrengthsFinders
11836064,18468564,Former Manager
12273314,19246593,Application Review
12484390,19618099,Culture Interview
12845886,20272489,StrengthsFinders
12936982,20427559,Team Fit Interview
13023769,20566773,Culture & Values Alignment Interview
13098316,20682639,Shortlist
13134644,20741767,StrengthsFinders
13233414,20902105,Meet and Greet
13367393,21110730,Application Review
13375828,21123671,Case Study
13513113,21343138,Team fit interview
13234904,20904261,Team Fit Interview
13169774,20800667,Meet and Greet
13604262,21489703,Meet & Greet
13367397,21110736,Former Manager
13630947,21533940,Competency Based Interview
13638531,21546414,Team Fit Interview
13537986,21380938,Competency Based Interview
13650332,21565099,StrengthsFinders
13734169,21704511,Application Review
13780871,21777278,Competency Based Interview
2926326,4345689,Take Home Test
2958735,4390131,Application Review
3047004,4520932,Preliminary Screening Call
3122529,4635946,Former Manager
3188776,4736304,Preliminary Screening Call
3248751,4823358,Former Manager
3255717,4833524,Face to Face Interview
3310735,4919764,Preliminary Screening Call
3343599,4968436,Former Manager
3497593,5198193,Preliminary Screening Call
3512606,5216595,Shortlist
3519233,5227614,Take Home Test
3632398,5388405,Former Manager
3683343,5461487,Former Manager
3831538,5666755,Shortlist
3849373,5693359,Face to Face Interview
3857700,5705314,Former Manager
3980148,5884788,Application Review
4029321,5970572,Final (Company Fit) Interview
4192299,6204805,StrengthsFinders
4354777,6439481,Former Manager
4660418,6894268,Meet and greet
4991998,7436349,Cultural/Team Fit Interview
5700432,8486731,First Face to Face
5750008,8561028,StrengthsFinders
5851364,8712716,Technical Phone Interview
6009504,8945162,Application Review
6032187,8977025,Case Study
6354547,9468198,StrengthsFinders
6408526,9564735,Application Review
6456366,9635437,Technical Test
6549016,9792000,Former Manager
6681640,10025563,Case Study
6778466,10177728,Former Manager
6846698,10289123,Former Manager
7138447,10746735,Team Fit Interview
7177760,10808502,StrengthsFinders
7227761,10887064,Case Study
7227930,10887319,Preliminary Screening Call
7227995,10887398,Case Study
7311428,11023013,Case Study
7351251,11089083,Team Fit Interview
7547859,11411665,StrengthsFinders
7584483,13579126,Meet and greet
7676167,11613173,Screening Call with PM
7707830,11661261,Former Manager
7790298,11790191,StrengthsFinders
7898660,11969265,Application Review
7925483,12014215,Shortlist
7964126,12079035,Face to Face Interview
8116211,12328600,StrengthsFinders
8204149,12467202,The WHO interview
8345529,12718566,Final Interview (Company Fit)
8480563,12936751,Typeform Screening
8513902,13006816,Application Review
8547609,13058373,Shortlist
8566599,13087533,Former Manager
8577653,13103892,Application Review
8671331,13247379,Former Manager
8855015,13531742,Application Review
8901105,13606981,Case Study
8945174,13676476,Culture and Values Alignment Interview
9009868,13785542,StrengthsFinders
9056448,13867182,Preliminary Screening
9110497,13953846,Shortlist
9171436,14046914,Shortlist
9172553,14048483,Application Review
9205875,14101934,Technical Interview (Case Study Presentation)
9376035,14375585,Meet & Greet
9404612,14422042,Reference Checks
9411005,14430310,Former Manager
9445726,14489176,The WHO interview
9457023,14506306,Case Study
9518680,14603115,TypeForm Screening
9528440,14618376,Screening Call
9528990,14619114,Case Study
9536872,14631087,Final (Company Fit) Interview
9537195,14631559,Final (Company Fit) Interview
9557877,14663378,Former Manager
9593887,14724841,Application Review
9630788,14783662,Typeform Screening
9659651,14829521,Final Interview (Company Fit)
9671515,14847316,Final (Company Fit) Interview
9676975,14856729,Former Manager
9738146,14952363,Shortlisting
9788323,15030494,Former Manager
9805213,15056849,Shortlist
10605239,16402594,Former Manager
11111899,17206420,Former Manager
11351947,17662048,Phone / Zoom Screening
11352440,17662827,Case Study
11621219,18092963,Application Review
11623236,18095819,WHO Interview
11653742,18156582,Panel Interview
11687575,18208986,Team Fit Interview
12271415,19243430,Shortlist
12323338,19334245,Team Fit Interview
12845045,20270986,StrengthsFinders
12914788,20391513,Typeform Screening
12936892,20427435,Gallup StrengthsFinders
12981839,20499553,Meet&Greet
13134637,20741759,StrengthsFinders
12914792,20391520,Meet & Greet
13406904,21171475,Application Review
13428453,21205722,Application Review
13429682,21207420,Team Fit Interview
13428455,21205724,Competency Interview
13550110,21399728,Screening Call
13575945,21441377,Application Review
13169772,20800664,Case Study
13650326,21565090,Application Review
13691641,21637795,Case Study
13750483,21730101,Former Manager
2926219,4345576,Competency & Cultural Fit Interview
2927190,4346778,Face to Face Interview
3025894,4487488,Former Manager
3122513,4635931,Application Review
3182729,4727476,Application Review
3203297,4757524,Former Manager
3255212,4832816,Shortlist
3302647,4907059,Application Review
3336766,4958296,Former Manager
3424575,5089545,Executive Interview
3500140,5201653,Case Study
3519213,5227586,Cultural Fit Interview
3595501,5335592,Former Manager
3683318,5461444,Cultural/Team Fit Interview
3770853,5583536,Face to Face Interview
3831717,5666939,Case Study
3857693,5705307,Application Review
3951262,5844862,Final Interview
4028965,5970115,Final Interview
4103558,6069307,Technical Phone Interview
4221373,6246091,Technical Phone Interview
4660412,6894211,Application Review
4876627,7211316,Former Manager
5314120,7914924,Final (Company Fit) Interview
5750002,8561020,Application Review
5842760,8699688,Preliminary Screening
6000681,8933059,Application Review
6018546,8959293,Team Fit
6112085,9099197,Competency based interview
6366231,9486683,Competency based interview
6409083,9565753,StrengthsFinders
6549011,9791993,Preliminary Screening
6610809,9892844,Technical Test
6778461,10177721,Preliminary Screening
6846693,10289116,Preliminary Screening
7138379,10746635,Final (Company Fit) Interview
7177754,10808494,Application Review
7206701,10855334,Former Manager
7227894,10887274,Application Review
7227943,10887334,Final Interview (Company Fit)
7287630,10982236,Former Manager
7351246,11089076,Application Review
7547854,11411658,Preliminary Screening
7584477,11469896,Application Review
7658089,11586079,Preliminary Screening
7707825,11661254,Preliminary Screening
7751653,11729892,Former Manager
7814392,11831349,StrengthsFinders
7907741,11986013,StrengthsFinders
7927119,12016559,Cultural Fit
8115916,12328146,Application Review
8134911,12359197,Case Study
8338218,12766989,Case Study
8414770,12830719,The WHO interview
8482264,12939151,Culture&Team Fit Interview
8536578,13188761,Screening call
8566595,13087526,The WHO interview
8577147,13103185,Shortlist
8671326,13247372,Typeform Screening
8808238,13459730,The WHO interview
8901084,13606959,Typeform Screening
8919611,13636047,Team Fit Interview
8998301,13763246,Meet & Greet
9046655,13848378,Team Fit Interview
9099662,13937917,Technical Interview
9110603,13954051,Final Interview (Company Fit)
9172190,14047946,Case Study
9186351,14069593,StrengthsFinders
9230496,14140004,Meet & Greet
9404606,14422033,Shortlist
9410999,14430302,Shortlist
9444245,14487562,Technical Interview
9457013,14506291,Screening Call
9517938,14602088,Case Study
9519781,14604658,Gallup StrengthsFinders
9528599,14618604,Team & Culture Interview
9536613,14630789,Former Manager
9537191,14631552,Application Review
9557496,14662869,Meet&Greet
9585628,14710842,Face to Face Interview
9593966,14724938,Team Fit Interview
9659464,14829282,Culture Fit
9671511,14847309,Application Review
9676971,14856721,Typeform Screening
9713379,14914594,Competency Interview
9788319,15030486,Typeform Screening
9796074,15042615,Case Study
10605234,16402586,Shortlist
11111895,17206413,Typeform Screening
11352368,17662733,Meet & Greet
11546387,17973854,Final Meeting
11621394,18093189,Former Manager
11653735,18156575,Screening call
11687475,18208837,StrengthsFinders
12023189,18804032,Case Study
12273321,19248233,Meet & Greet
12845040,20270979,Application Review
12872534,20320587,Case Study
12915052,20391902,Former Manager
12981835,20499546,Application Review
13098320,20682644,Former Manager
13134632,20741752,Application Review
13198604,20846310,Screening call
13233417,20902074,Meet&Greet with a founder
13539559,21383295,Team Fit Interview
13631034,21534062,Application Review
13631208,21534341,Team Fit Interview
13650785,21565736,Technical Interview
13734172,21704516,Follow-Up Closing Call
2926190,4345549,StrengthsFinders
2926375,4345753,StrengthsFinders
2966388,4401001,StrengthsFinders
3101257,4598243,Former Manager
3168986,4701612,Shortlist
3203294,4757521,Shortlist
3255198,4832801,Case Study
3291549,4890466,Former Manager
3336764,4958294,Face to Face Interview
3424575,5089543,Peer Panel Interview
3500138,5201651,Preliminary Screening Call
3519197,5227566,Take Home Test
3595499,5335590,StrengthsFinders
3678257,5453294,StrengthsFinders
3770851,5583534,Preliminary Screening Call
3831680,5666902,StrengthsFinders
3849668,5693764,Former Manager
3951259,5844859,Final Interview
4028963,5970113,Technical Test
4060399,6016206,Final Interview
4218579,6242540,Former Manager
4640883,6864464,Cultural/Team Fit Interview
4876626,7211315,Meet and greet
5199383,7745799,Former Manager
5749239,8560003,Former Manager
5842758,8699686,Application Review
5907724,8799153,Meet and Greet
6018544,8959291,Case Study
6046964,8999120,Former Manager
6366126,9486563,Application Review
6409081,9565751,Preliminary Screening Call
6484840,9680159,Former Manager
6610807,9892842,Preliminary Screening Call
6765224,10157942,Case Study
6806709,10221630,Preliminary Screening
7138377,10746632,Technical Phone Interview
7177649,10808343,Former Manager
7206700,10855332,Team Fit Interview
7227832,10887174,Meet and greet
7227941,10887331,Case Study
7287629,10982234,Final (Company Fit) Interview
7329078,11051307,Meet and Greet
7430735,11223603,Former Manager
7583168,11467803,Meet and Greet
7657967,11585896,Application Review
7685633,11627362,Former Manager
7751651,11729890,Culture Fit
7807851,11820079,Team Fit Interview
7907738,12199479,Telephonic
7927118,12016557,Case Study
8075974,12264561,Play Date
8134909,12475421,Screening Call
8338217,12705869,Typeform Screening
8414429,12830280,Shortlist
8482262,12939149,Application Review
8536577,13041379,Application Review
8563887,13083722,Meet & Greet
8576993,14874792,Meet & Greet
8661038,13231905,Culture Fit Interview
8797565,13443730,StrengthsFinders
8901082,13606957,Application Review
8919610,13636045,Gallup StrengthsFinders
8998301,13763244,Final Interview (Company Fit)
9046654,13848376,StrengthsFinders
9099660,13937915,Shortlist
9110600,13954047,Preliminary Screening (Typeform)
9172188,14047944,Preliminary Screening Call
9186350,14069591,Face to Face Interview
9230495,14140002,Functional Knowledge Interview
9376220,14375869,Former Manager
9406424,14424496,Case Study (Onsite)
9444243,14487560,Application Review
9457007,14506285,Application Review
9517936,14602086,TypeForm Screening
9519780,14604656,Face to Face Interview
9528598,14618602,Case Study
9536612,14630787,Final (Company Fit) Interview
9537068,14631381,Former Manager
9557496,14662867,Team Fit Interview
9585627,14710840,Typeform Screening
9593964,14724936,Technical Interview
9648375,14812099,Former Manager
9671396,14847151,Meet&Greet
9676852,14856508,Former Manager
9713377,14914592,Shortlist
9779572,15016990,Meet & Greet
9796073,15042613,Typeform Screening
9971457,15377927,Application Review
10943974,16927878,Former Manager
11352366,17662731,Case Study
11546387,17973852,Technical Interview
11621393,18093187,Culture & Team Fit
11653721,18156563,Former Manager
11687473,18208835,Meet and greet
12022144,18802172,Typeform stage
12273320,19246599,StrengthsFinders
12484391,19618102,StrengthsFinders
12872529,20320582,Application Review
12915049,20391896,Technical interview
12936983,20427562,Former Manager
13098319,20682642,Team fit interview
13198602,20846308,Application Review
13233417,20902072,Team Fit Interview
13375829,21123674,Meet and Greet
13513115,21343141,StrengthsFinders
13319592,21035681,Case Study
13539556,21383292,Application Review
13630949,21533943,Culture Fit Interview
13631206,21534339,face to face
13638532,21546417,Former Manager
13650783,21565733,Shortlist
13734172,21704514,Team Fit Interview
2926327,4345690,Former Manager
2958736,4390132,Preliminary Screening Call
3047006,4520934,Preliminary Screening Call
3122530,4635947,StrengthsFinders
3188779,4736307,Former Manager
3248752,4823359,StrengthsFinders
3255758,4833581,Face to Face Interview
3310737,4919766,Take Home Test
3367379,5004433,Case Study
3497908,5198651,Application Review
3512607,5216596,Preliminary Screening Call
3519234,5227615,Former Manager
3664374,5433827,Application Review
3683344,5461488,Cultural/Team Fit Interview
3831539,5666756,Preliminary Screening Call
3849374,5693360,StrengthsFinders
3869915,5723477,Application Review
3980150,5884789,Shortlist
4029321,6257043,Follow-up Closing Call
4192300,6204806,Case Study
4354778,6439482,StrengthsFinders
4660419,6894219,Former Seniors
4991998,7436350,Peer Panel Interview
5700433,8486732,Case Study
5838781,8693543,Application Review
5851365,8712717,Technical Test
6009505,8945163,Preliminary Screening
6032188,8977026,StrengthsFinders
6354549,9468202,Former Manager
6408527,9564736,Shortlist
6456367,9635438,Team Fit Interview
6594342,9858566,Application Review
6689278,10036627,Brief Introductory Call
6779455,10178958,Application Review
6942335,10439599,Application Review
7138447,10746736,Final (Company Fit) Interview
7197601,10841349,Team Fit Interview
7227761,10887065,Final Interview (Company Fit)
7227931,10887320,First Face to Face
7227996,10887399,StrengthsFinders
7312044,11023941,Case Study
7351252,11089084,Former Manager
7571944,11450716,Application Review
7584484,11469903,Former Manager
7676167,12853213,Typeform Screening
7707870,11661327,Application Review
7790299,11790192,Team Fit
7898661,11969266,Preliminary Screening Call
7925484,12014216,Preliminary Screening Call
7964127,12079036,Case Study
8116212,12328601,Case Study
8208625,12474202,Preliminary Screening
8355973,12735807,Application Review
8480563,12936752,Screening Call/Face to Face
8513903,13006131,Shortlist
8547611,13058374,Final Interview
8576916,13102896,Application Review
8577654,13103893,Shortlist
8753563,13377011,Functional Knowledge Interview
8855016,13531743,Shortlist
8918722,13634577,Application Review
8945174,13676477,Business&Marketing Aptitude Interview
9009869,13785543,Final Interview (Company Fit)
9056449,13867183,The WHO interview
9110498,13953847,Preliminary Screening
9171437,14046915,Typeform Screening
9172554,14048484,Shortlist
9205876,14101935,StrengthsFinders
9376035,14375586,Final (Company Fit) Interview
9404617,14422046,Application Review
9411062,14430387,Application Review
9455729,14504581,Application Review
9517848,14601975,Application Review
9518681,14603116,Technical Interview
9528441,14618377,Face to Face Interview
9528990,14619115,Gallup StrengthsFinders
9536872,14631088,Follow-Up Closing Call
9537195,14631560,Meet&Greet
9558047,14663619,Application Review
9593888,14724842,TypeForm Screening
9630792,14783670,Former Manager
9659651,14829522,Meet and greet
9671515,14847317,Meet&Greet
9686774,14872420,Screening Call
9778170,15014597,Case Study Presentation & Technical
9788384,15030579,Application Review
9805214,15056850,Typeform
10605242,16402596,Portfolio Review
11141079,17254241,Application Review
11351948,17662049,Face to Face Interview
11352441,17662828,StrengthsFinders
11621220,18092964,Typeform Screening
11623244,18095829,Team fit
11667780,18177091,Application Review
11687575,18208987,Final (Company Fit) Interview
12271416,19243431,Preliminary Screening
12323339,19334246,Former Manager
12845881,20272482,Application Review
12914788,20391514,Screening Call with PM
12936893,20427436,Culture Fit Interview
12981840,20499554,Former Manager
13134639,20741760,Application Review
12914792,21035476,Team Fit Interview
13406905,21171476,Preliminary Screening Call
13429682,21207421,Culture & Values Alignment Interview
13428455,21205738,Role Play
13550110,21399729,Secondary Screening Call
13575946,21441378,Preliminary Screening Call
13604210,21489629,Application Review
13650327,21565091,Shortlist
13691642,21637796,Team Fit Interview
13750484,21730102,Founder Meet & Greet
2926357,4345732,Application Review
2958739,4390135,StrengthsFinders
3047008,4520936,Preliminary Screening Call
3128495,4645204,Preliminary Screening Call
3197687,4749309,Application Review
3255073,4832636,Shortlist
3255854,4833706,Face to Face Interview
3310739,4919768,StrengthsFinders
3367381,5147960,Peer Panel Interview
3497910,5198653,Preliminary Screening Call
3512609,5216598,Former Manager
3519258,5227638,Peer Panel Interview
3664376,5433829,Take Home Test
3724719,5519328,Shortlist
3831541,5666758,Former Manager
3849376,5693362,Team and Culture fit Interview
3869919,5723481,StrengthFinders
3980152,5884791,Face to Face Interview
4029321,8638483,Technical Follow Up
4192302,6204808,Cultural/Team Fit Interview
4354780,6439484,Reference Check
4860854,7188579,Team Fit Interview
4991999,7436351,Former Manager
5700435,8486734,Final Interview (Company Fit)
5838783,8693545,Preliminary Screening
5851367,8712719,Team Fit Interview
6009508,8945166,Team Fit Interview
6032189,8977028,Culture Fit
6355990,9470435,Shortlist
6408529,9564738,First Face to Face
6456367,9635440,Meet&Greet
6594344,9858568,Preliminary Screening Call
6731570,10099985,Preliminary Screening
6779457,10178960,Preliminary Screening Call
6942337,10439601,Preliminary Screening Call
7138448,10746738,Former Manager
7197601,10841351,Meet and greet
7227762,10887067,Former Manager
7227933,10887322,StrengthsFinders
7227997,10887401,Final Interview (Company Fit)
7328775,11050899,Case Study
7430722,11223581,Application Review
7571950,11450722,Final Interview
7614523,11517703,Preliminary Screening Call
7676168,11613174,Technical Interview
7749696,11727188,Preliminary Screening Call
7790299,11790194,Meet and Greet
7898663,11969268,Technical Phone Interview
7925486,12014218,StrengthsFinders
7964129,12079038,Final Interview (Company Fit)
8126308,12344546,Application Review
8209263,12475007,Case Study
8355975,12735809,Preliminary Screening
8480565,12936755,Case Study
8527008,13026330,Application Review
8563882,13083714,Shortlist
8576986,13102977,Preliminary Screening (Typeform)
8577656,13103895,Face to Face Interview
8753563,13377024,Business&Marketing Aptitude Interview
8855020,13531749,Gallup StrengthsFinders
8918732,13634594,Company & Team Fit Interview
8945175,13676479,Case Study
9009869,13785545,Meet & Greet
9056450,13867186,Culture & Values Alignment Interview
9110500,13953849,Gallup StrengthsFinders
9171438,14046917,Case Study
9172557,14048487,Case Study
9205877,14101938,Meet & Greet
9376214,14375861,Application Review
9404619,14422048,Exploratory Chat
9411064,14430389,Preliminary Screening
9455730,14504583,Screening Call
9517850,14601977,Technical Interview
9518683,14603118,Team Fit Interview
9528442,14618379,Gallup StrengthsFinders
9528991,14619118,Meet&Greet
9536874,14631090,StrengthsFinders
9537419,14631831,Preliminary Screening
9558049,14663621,Preliminary Screening Call
9593890,14724844,Case Study
9648371,14812091,Typeform Screening
9659652,14829523,Former Manager
9676845,14856499,Application Review
9696407,14887667,Typeform Screening
9778170,15014599,Meet & Greet
9788385,15030581,Screening Call
9805216,15056852,Case Study
10943969,16927871,Application Review
11141083,17254245,Team Fit Interview
11351950,17662051,StrengthsFinders
11352442,17662830,Team Fit Interview
11621222,18092966,Case Study Presentation & Technical
11623244,18095831,Meet & Greet
11667783,18177094,Case Study
11687576,18208989,Former Manager
12271418,19243433,Gallup StrengthsFinders
12484386,19618094,Shortlist
12845883,20272484,Case Study
12936894,20427438,Former Manager
13134641,20741762,Case Study
11155891,17281049,Case Study
13406907,21171478,Case Study
13429715,21207466,Case Study
13428476,21205752,Team & Culture Fit Interview (Pre-Recorded)
13537984,21380935,Application Review
13575949,21441381,Team Fit Interview
13604212,21489631,Team fit
13537990,21380944,Former Manager
13650330,21565094,Portfolio Review
13691642,21637798,Follow-Up Closing Call
2926222,4345580,StrengthsFinders
2956665,4387134,Application Review
3025913,4487510,Behavioral Phone Interview
3122517,4635935,StrengthsFinders
3182732,4727675,Face to Face Interview
3248747,4823354,Application Review
3255645,4833430,Face to Face Interview
3302652,4907064,Former Manager
3343595,4968432,Preliminary Screening Call
3446753,5123444,Final Interview
3500154,5201666,Cultural Fit Interview
3519229,5227610,Shortlist
3632395,5388401,StrengthsFinders
3683339,5461483,Preliminary Screening Call
3770856,5583539,Former Manager
3846759,6631328,Follow-Up Closing Call
3857696,5705310,Face to Face Interview
3951268,5844868,Reference Check
4029315,5970566,Application Review
4192295,6204801,Application Review
4354773,6439477,Shortlist
4660416,6894215,StrengthsFinders
4991994,7436345,Preliminary Screening Call
5316118,7917536,Take Home Test
5750006,8561024,Team Fit Interview
5842764,8699693,Meet and greet
6000685,8933064,Final (Company Fit) Interview
6018547,8959294,Former Manager
6354543,9468194,Application Review
6366234,9486686,Team Fit Interview
6409084,9565756,Meet and greet
6549014,9791996,StrengthsFinders
6610811,9892847,Final (Company Fit) Interview
6778464,10177724,StrengthsFinders
6846696,10289119,StrengthsFinders
7138381,10746638,StrengthsFinders
7177758,10808498,Team Fit Interview
7227757,10887060,Preliminary Screening Call
7227898,10887278,Case Study
7227991,10887394,Application Review
7311225,11022754,Case Study
7351249,11089079,Case Study
7547857,11411661,Team Fit Interview
7584480,11469899,Face to Face Interview
7658093,11586084,Culture Fit
7707828,11661257,StrengthsFinders
7790294,11790187,Application Review
7824671,11847842,Face to Face Interview
7907742,11986016,Meet and Greet
7927121,12016562,StrengthsFinders
8116207,12328596,Application Review
8134913,12359200,Meet&Greet
8338221,12705875,Meet & Greet
8414771,13721606,Team Meet & Greet
8511306,13002053,Preliminary Screening
8536582,13041386,Team Fit Interview
8566596,13389158,Presentation
8577152,13103191,Final Interview (Company Fit)
8671329,13247376,StrengthsFinders
8808239,13459732,Culture and Values Alignment Interview
8901087,13606963,Final Interview (Company Fit)
8945171,13676472,Shortlist
9009864,13785538,Shortlist
9056325,13867015,Technical Preliminary Screening Call
9099664,13937920,Company Fit Interview
9110603,14813677,Closing Meeting
9172192,14047948,Team Fit Interview
9186353,14069596,Former Manager
9240663,14158645,Case Study
9404611,14422038,Team Fit
9411002,14430305,Gallup StrengthsFinders
9444306,14487642,Case Study
9457017,14506296,Meet&Greet
9517939,14602091,Follow-Up Closing Call
9519782,14604661,Meet&Greet
9528600,14618607,Former Manager
9536869,14631083,TypeForm Screening
9537193,14631555,Face to Face Interview
9557873,14663370,Typeform Screening
9585630,14710845,Team Fit Interview
9593967,14724941,Former Manager
9659646,14829515,Shortlist
9671513,14847312,Face to Face Interview
9676973,14856725,Gallup StrengthsFinders
9713382,14914597,Team Fit Interview
9788321,15030489,Case Study
9796075,15042618,Team & Culture Interview
10605237,16402590,StrengthsFinders
11111897,17206416,Face to Face Interview
11202781,17374693,Case Study
11352369,17662736,Former Manager
11558451,17992056,Culture Fit
11623160,18095798,Secondary Screening Call
11653738,18156578,StrengthsFinders
11687477,18208840,Former Manager
12023191,18804036,Former Manager
12323335,20499062,Face to Face Interview
12845043,20270982,Team Fit Interview
12872536,20320591,Former Manager
12936888,20427430,Application Review
12981837,20499549,Gallup StrengthsFinders
13023768,20566770,Case Study
13134635,20741755,Team Fit Interview
13198607,20846313,StrengthsFinders
13539561,21383299,Former Manager
13631038,21534066,Team Fit Interview
13631209,21534344,StrengthsFinders
13650786,21565739,Meet & Greet
13750480,21730097,Competency Based Interview
2926325,4345688,Peer Panel Interview
2956670,4387140,StrengthsFinders
3025916,4487513,StrengthsFinders
3122528,4635945,Face to Face Interview
3188775,4736303,Application Review
3248750,4823357,Competency & Cultural Fit Interview
3255693,4833497,Face to Face Interview
3310734,4919763,Shortlist
3343598,4968435,Take Home Test
3490924,5189022,Take Home Test
3512605,5216594,Application Review
3519232,5227613,Face to Face Interview
3632397,9230590,Case Study
3683342,5461486,Case Study
3831537,5666754,Application Review
3849372,5693358,Preliminary Screening Call
3857699,5705313,Team and Culture fit Interview
3951292,5844895,Shortlist
4029320,5970571,StrengthsFinders
4192298,6204804,Face to Face Interview
4354776,6439480,Case Study
4660418,6894218,Team fit Interview
4991997,7436348,Case Study
5700431,8486730,Preliminary Screening Call
5750007,8561027,Former Manager
5851363,8712715,Preliminary Screening Call
6000687,8933067,StrengthsFinders
6032186,8977024,Competency based F2F Interview
6354546,9468197,First Face to Face
6366235,9486689,Former Manager
6456365,9635436,Preliminary Screening Call
6549015,9791999,Meet and Greet
6680426,10024018,Case Study
6778465,10177727,Meet and Greet
6846697,10289122,Meet and Greet
7138445,10746733,Technical Phone Interview
7177759,10808501,Former Manager
7227760,10887063,StrengthsFinders
7227929,10887318,Shortlist
7227994,10887397,First Face to Face
7311417,11022996,Case Study
7351251,11089082,Final (Company Fit) Interview
7547858,11411664,Former Manager
7584483,11469902,Team and Culture fit Interview
7676166,11613172,Greenhouse Screening
7707829,11661260,Meet and Greet
7790297,11790190,Case Study
7889138,11948238,Team Fit Interview
7925482,12014214,Application Review
7964125,12079034,Typeform Screening
8116210,12328599,Face to Face Interview
8168565,12413405,StrengthsFinders
8345529,12718565,Case Study
8480562,12936750,Application Review
8511310,13849308,Functional Knowledge Interview
8547608,13058372,Application Review
8566598,13524073,Team Q&A
8577156,13103196,Face to Face Interview
8671330,13247395,Meet and greet
8808242,13459737,Former Manager
8901088,13606966,Former Manager
8945174,13676475,Functional Knowledge Interview
9009867,13785541,Case Study
9056447,13867181,Shortlist
9110496,13953845,Application Review
9171435,14046913,Application Review
9172193,14047951,Former Manager
9205873,14101932,Typeform Screening
9376034,14375584,StrengthsFinders
9404611,14422041,Meet & Greet
9411003,14430324,Meet & Greet
9445706,14489133,The WHO interview
9457023,14506305,Gallup StrengthsFinders
9518679,14603114,Application Review
9528440,14618375,Typeform Screening
9528988,14619112,Screening Call
9536872,14631086,Team Fit Interview
9537195,14631558,Team Fit Interview
9557876,14663497,Case Study Presentation & Technical
9585631,14710848,Former Manager
9630787,14783661,Application Review
9659651,14829520,Team Fit Interview
9671515,14847315,Team Fit Interview
9676974,14856728,Meet&Greet
9713383,14914600,Former Manager
9788322,15030493,Meet & Greet
9805212,15056848,Application Review
10605238,16402593,Meet & Greet
11111898,17206419,Meet&Greet
11351946,17662047,Application Review
11352439,17662826,Face to Face Interview
11594548,18050600,Preliminary Screening Call
11623164,18095714,Former Manager
11653740,18156581,Former Manager
11687574,18208985,Case Study
12271414,19243429,Application Review
12323338,19334244,Culture Fit Interview
12845044,20270985,Former Manager
12914787,20391512,Greenhouse Screening
12936892,20427434,Competency Based Interview
12981839,20499552,Final (Company Fit) Interview
13134636,20741758,Former Manager
13198609,20846316,Former Manager
12914792,20391519,Culture Fit Interview
13429680,21207416,Competency Based Interview
13550109,21399727,Application Review
13169771,20800663,Competency Based Interview
13691640,21637794,Preliminary Screening Call
13750482,21730100,Culture & Values Alignment Interview
2926145,4345490,Former Manager
2926360,4345736,Take Home Test
2958760,4390161,Preliminary Screening Call
3047010,4520938,Preliminary Screening Call
3128497,4645206,Former Manager
3197691,4749313,Take Home Test
3255093,4832665,Final Interview
3255932,4833812,Face to Face Interview
3322337,4937256,Interview with Founders
3414101,5069813,Cultural/Team Fit Interview
3497912,5198655,Face to Face Interview
3512622,5216609,Take Home Test
3530888,5245265,Peer Panel Interview
3664380,5433833,Former Manager
3724721,5519330,Face to Face Interview
3831674,5666896,Application Review
3849662,5693758,Application Review
3869921,5723483,Cultural Fit Interview
3980154,5884793,Case Study
4060393,6016200,Application Review
4218573,6242534,Application Review
4640877,6864458,Application Review
4860854,7188581,Meet&Greet
5199377,7745792,Shortlist
5700436,8486736,Former Manager
5838785,8693547,Case Study
5851367,8712721,Follow-Up (Closing)
6009508,8945168,Follow-Up Closing Call
6032190,8977030,Former Manager
6355992,9470437,First Face to Face
6408531,9564740,Case Study
6484833,9680152,Application Review
6594346,9858570,StrengthsFinders
6731572,10099987,Competency and Culture Test
6779458,10411509,Case Study
6942339,10439603,Case Study
7177644,10808336,Application Review
7206694,10855325,Application Review
7227827,10887167,Shortlist
7227934,10887324,Final Interview (Company Fit)
7227998,10887403,Former Manager
7329074,11051301,Preliminary Screening
7430725,11223587,Brief Introductory Call
7583164,11467797,Preliminary Screening
7614524,12052673,Case Study
7685626,11627355,Application Review
7749700,11727192,Meet&Greet
7807162,11819035,Preliminary Screening
7898664,11969270,Final (Company Fit) Interview
7925488,12014220,Former Manager
7964129,12540425,Meet & Greet
8126310,12344548,Preliminary Screening Call
8287839,12615060,Shortlist
8355977,12735811,Engineering Knowledge Interview
8480567,12936757,Culture Fit Interview
8527011,13026333,Technical Test
8563884,13083716,The WHO interview
8576987,13102978,Gallup StrengthsFinders
8577658,13103897,Case Study
8797539,13443689,Typeform Screening
8855022,13531752,Former Manager
8918733,13634596,Former Manager
8945177,13676481,Former Manager
9030850,13824093,Shortlist
9056451,13867188,Case Study
9110501,13953852,Culture & Values Alignment Interview
9171440,14046919,Culture & Values Interview
9172559,14048489,Team Fit Interview
9230490,14139996,Application Review
9376216,14375863,Typeform Screening
9404621,14422051,Team Fit
9411066,14430391,Gallup StrengthsFinders
9455732,14504585,Case Study
9517852,14601980,Final (Company Fit) Interview
9518683,14603120,Follow-Up Closing Call
9528443,14618381,Final (Company Fit) Interview
9528992,14619119,Former Manager
9537064,14631375,TypeForm Screening
9557492,14662861,Application Review
9558053,14663636,Competency
9593891,14724846,Final (Company Fit) Interview
9648372,14812093,Face to Face Interview
9671393,14847145,Screening Call
9676847,14856501,Typeform
9696409,14887671,Gallup StrengthsFinders
9779481,15016858,Application Review
9788387,15030584,Case Study
9805217,15056854,Team Fit Interview
10943971,16927873,Face to Face Interview
11141084,17254248,Former Manager
11351951,17662053,Team/Culture Fit Interview
11352443,17662832,Former Manager
11621222,18092968,Meet & Greet
11653716,18156557,Screening call
11667784,18177096,Final (Company Fit) Interview
11836057,18468555,Application Review
12271419,19243436,Meet & Greet
12484388,19618096,Face to Face Interview
12845884,20272486,Final (Company Fit) Interview
12914791,20391518,StrengthsFinders
12936979,20427556,Application Review
13134642,20741764,Final (Company Fit) Interview
11155893,17281051,Team Fit Interview
13375825,21123668,Application Review
13406908,21171480,Culture Fit Interview
13513110,21343135,Shortlist
13234903,20904259,Competency Based Interview
13537985,21380937,Screening call
13575949,21441383,Meet and Greet
13604214,21489633,Case Study
13367395,21110732,Case Study Presentation & Technical
13626438,21525427,Technical Skills Interview
13638528,21546411,Preliminary Screening Call
13650331,21565096,Culture Interview
13780869,21777275,Team Fit Interview
2926221,4345579,Former Manager
2927192,4346780,StrengthsFinders
3025912,4487509,Application Review
3122516,4635934,Former Manager
3182731,4727478,Team and Culture fit Interview
3207478,4763856,Shortlist
3255637,4833423,Face to Face Interview
3302651,4907063,Face to Face Interview
3343594,4968431,Shortlist
3446753,5123441,Cultural Fit Interview
3500142,5201655,Former Manager
3519228,5227609,Application Review
3632393,5388399,Preliminary Screening Call
3683338,5461482,Shortlist
3770855,5583538,Cultural Fit Interview
3846759,6631324,Final (Company Fit) Interview
3857695,5705309,Preliminary Screening Call
3951266,5844866,Final Interview
4028966,5970116,Former Manager
4132561,6113849,Telephonic Interview
4354772,6439476,Application Review
4660415,6894214,Face to Face Interview
4991993,7436344,Shortlist
5316111,7917581,First Face to Face
5750004,8561022,Technical Phone Interview
5842764,8699692,Final Interview (Company Fit)
6000685,8933063,Team Fit Interview
6018546,8959315,Meet and Greet
6338046,9444307,Case Study
6366233,9486685,StrengthsFinders
6409084,9565755,Final Interview (Company Fit)
6549013,9791995,Case Study
6610811,9892846,Follow-Up Closing Call
6778463,10177723,Competency and Culture Test
6846695,10289118,Competency and Culture Test
7138380,10746637,Former Manager
7177756,10808496,Technical Phone Interview
7227756,10887059,Shortlist
7227896,10887276,Preliminary Screening Call
7227944,10887336,Former Manager
7311024,11022502,Case Study
7351248,11089078,Face to Face
7547856,11411660,Case Study
7584479,11469898,Preliminary Screening Call
7658092,11586082,StrengthsFinders
7707827,11661256,Case Study
7777538,11769803,Meet & Greet
7814404,11831361,StrengthsFinders
7907742,11986015,Culture Fit
7927120,12016561,Former Manager
8115923,12328153,Former Manager
8134913,12359199,Final (Company Fit) Interview
8338221,12705873,Final Interview (Company Fit)
8414771,12830722,Culture and Values Alignment Interview
8511304,13002051,Application Review
8536582,13041385,Company Fit Interview
8566596,13087529,Functional Knowledge Interview
8577152,13103190,Case Study
8671327,13247374,Case Study
8808239,13459731,Team Fit Interview
8901086,13606962,StrengthsFinders
8945170,13676471,Application Review
9009863,13785537,Application Review
9046656,13848380,Former Manager
9099663,13937919,Gallup StrengthsFinders
9110603,14813676,Team Meet & Greet
9172191,14047947,StrengthsFinders
9186352,14069595,Meet & Greet
9240663,14158644,Gallup StrengthsFinders
9404610,14422037,StrengthFinder Assessment
9411001,14430304,The WHO interview
9444247,14487566,Team Fit Interview
9457017,14506295,Final (Company Fit) Interview
9517939,14602090,Final (Company Fit) Interview
9519782,14604660,Final (Company Fit) Interview
9528599,14618606,Meet&Greet
9536868,14631082,Application Review
9537192,14631554,Screening Call
9557872,14663369,Application Review
9585629,14710844,Gallup StrengthsFinders
9593966,14724940,Follow-Up Closing Call
9659645,14829514,Application Review
9671512,14847311,Screening Call
9676973,14856724,Case Study
9713381,14914596,StrengthsFinders
9788320,15030488,Face to Face Interview
9796075,15042617,Technical Interview
10605236,16402588,Face to Face Interview
11111896,17206415,Gallup StrengthsFinders
11202778,17374690,Application Review
11352368,17662735,Final Interview (Company Fit)
11558442,17992040,Team fit
11623160,18095707,Screening Call
11653737,18156577,Case Study
11687476,18208839,Culture fit Interview
12023190,18804034,Final (Company Fit) Interview
12323333,19334238,Application Review
12845042,20270981,Case Study
12872535,20320589,Culture fit Interview
12915089,20391947,Culture fit interview
12981837,20499548,Case Study
13023767,20721858,face to face
13134634,20741754,Case Study
13198606,20846312,Case Study
13539559,21383297,Meet & Greet
13631037,21534065,Competency Based Interview
13631208,21534343,Meet & Greet
13650786,21565738,Team Fit Interview
13734174,21704518,StrengthsFinders
13750480,21730096,Meet and Greet with James
2926188,4345547,Take Home Test
2926373,4345751,Take Home Test
2966384,4400997,Application Review
3101254,4598240,Preliminary Screening Call
3154254,4680317,Case study
3203266,4757492,Shortlist
3255141,4832726,Case Study
3291547,4890464,Preliminary Screening Call
3336762,4958292,Preliminary Screening Call
3424574,5089541,Behavioral Phone Interview
3500136,5201649,Application Review
3519195,5227564,StrengthsFinders
3595497,5335588,Preliminary Screening Call
3678254,5453291,Take Home Test
3764222,5573688,Cultural Fit Interview
3831678,5666900,Case Study
3849666,5693762,StrengthsFinders
3926550,5806799,StrengthsFinders
4028960,5970110,Shortlist
4060397,6016204,Case Study
4218577,6242538,StrengthsFinders
4640881,6864462,StrengthsFinders
4876625,7211313,Case Study
5199382,7917564,Final Interview (Company Fit)
5749238,8560001,Final (Company Fit) Interview
5838787,8693587,Meet and Greet
5907721,8799148,First Face to Face
6018542,8959289,Preliminary Screening
6046963,8999118,Final (Company Fit) Interview
6355994,9470441,Meet and greet
6409079,9565749,Application Review
6484837,9680156,StrengthsFinders
6594349,9858574,Former Manager
6731574,10099991,Meet and Greet
6779461,10411510,Team Fit Interview
7138375,10746630,Application Review
7177648,10808341,Final (Company Fit) Interview
7206699,10855330,Case Study
7227832,10887172,Case Study
7227938,10887328,Shortlist
7287628,10982232,StrengthsFinders
7329078,11051305,Team Fit Interview
7430734,11223601,Final (Company Fit) Interview
7583168,11467801,Team Fit
7614527,11517709,Team Fit Interview
7685630,11627359,StrengthsFinders
7751650,11729887,Preliminary Screening
7807165,11819039,Former Manager
7907737,11986009,Application Review
7927116,12016555,Preliminary Screening Call
8034020,12197441,Team Fit Interview
8134908,12359193,Application Review
8338215,12705867,Application Review
8355980,12735817,Former Manager
8480802,12937121,Shortlist
8527013,13026337,Meet & Greet
8563886,13083720,Gallup StrengthsFinders
8576993,13102993,Team Fit Interview
8642358,13204064,Case Study
8797543,14102581,Final Meeting
8855074,13540488,Meet & Greet
8919608,13636042,Typeform Screening
8998299,13763241,Face to Face Interview
9046653,13848374,Face to Face Interview
9098860,13936783,Technical Interview
9110598,13954045,Application Review
9172186,14047942,Application Review
9186347,14069588,Application Review
9230494,14140000,Gallup StrengthsFinders
9376219,14375867,Final Interview (Team & Culture)
9404623,14422055,Reference Checks
9411068,14430395,Meet & Greet
9455734,14504589,Team Fit Interview
9517868,14602001,Case Study
9519778,14604653,Application Review
9528596,14618599,Typeform Screening
9536611,14630785,Case Study
9537067,14631379,Final (Company Fit) Interview
9557495,14662865,Case Study
9558054,14663628,Former Manager
9593962,14724934,Application Review
9648374,14812097,Final (Company Fit) Interview
9671396,14847149,Team Fit Interview
9676850,14856506,Culture & Values Alignment Interview
9696411,14887675,Former Manager
9779572,15016988,Case Study Presentation & Technical
9788389,15030587,Former Manager
9805546,15057340,Case Study
10943973,16927938,Team Fit Interview
11352364,17662729,Phone / Zoom Screening
11546385,17973850,Case Study
11621392,18093185,Gallup StrengthsFinder
11653720,18156561,Team Fit Interview
11687471,18208833,Application Review
11899282,18584058,culture interview
12273316,19246595,Preliminary Screening Call
12484390,19618100,Team Fit Interview
12872282,20320247,Typeform Screening
12915046,20391893,Application Review
12936982,20427560,Final (Company Fit) Interview
13023770,20566774,StrengthsFinders
13098317,20682640,Meet and Greet
13233416,20902071,Case Study
13367394,21110731,Typeform Screening
13375829,21123672,Team Fit Interview
13513113,21343139,Culture fit Interview
13234904,20904263,Founder Meet & Greet
13169774,20801027,Culture Fit Interview
13614640,21507563,Hiring Manager Interview
13630948,21533941,Case Study
13638531,21546415,Culture Fit Interview
13537989,21380941,Culture Fit Interview
13650333,21565100,Former Manager
13734170,21704512,Preliminary Screening Call
13780872,21777279,Technical Skills Interview
2926323,4345685,Application Review
2956668,4387138,Take Home Test
3025914,4487511,Competency & Cultural Fit Interview
3122526,4635943,Application Review
3182733,4727483,Former Manager
3248748,4823355,Minimum Requirements Phone Interview
3255654,4833441,Face to Face Interview
3303536,4908585,Strengths Finder
3343596,4968433,StrengthsFinders
3490923,5189018,Cultural Fit Interview
3500154,5201667,Peer Panel Interview
3519230,5227611,Preliminary Screening Call
3632397,5388403,Final Interview (Company Fit)
3683340,5461484,Face to Face Interview
3780704,5596352,StrengthsFinders
3849370,5693356,Application Review
3857697,5705311,StrengthsFinders
3951277,5844877,Shortlist
4029317,5970568,Preliminary Screening Call
4192296,6204802,Shortlist
4354774,6439478,Preliminary Screening Call
4660417,6894216,Case Study
4991995,7436346,Face to Face Interview
5700429,8486728,Application Review
5750006,8561025,Final (Company Fit) Interview
5842765,8699695,Former Manager
6000685,8933065,Closing
6032184,8977022,Application Review
6354544,9468195,Shortlist
6366234,9486687,Final (Company Fit) Interview
6409085,9565757,Former Manager
6549015,9791997,Team Fit
6610811,9892848,Team Fit Interview
6778465,10177725,Final (Company Fit) Interview
6846697,10289120,Final (Company Fit) Interview
7138443,10746731,Application Review
7177758,10808499,Final (Company Fit) Interview
7227758,10887061,First Face to Face
7227901,10887283,Former Manager
7227992,10887395,Shortlist
7311241,11022773,Case Study
7351250,11089080,StrengthsFinders
7547857,11411662,Final (Company Fit) Interview
7584481,11469900,StrengthsFinders
7658093,11726248,Case Study and Team Fit
7707829,11661258,Team Fit
7790295,11790188,Preliminary Screening
7833159,11860628,Case Study
7907743,11986017,Former Manager
7964123,12079032,Application Review
8116208,12328597,Shortlist
8134913,12359201,Team Fit Interview
8338221,15015550,Culture & Values
8414772,12830723,Gallup StrengthsFinders
8511310,13002060,Meet & Greet
8536582,13850984,Meet and Greet
8566597,13087531,Gallup StrengthsFinders
8577153,13103192,Former Manager
8671330,13247392,Culture Fit Interview
8808240,13459734,Gallup StrengthsFinders
8901087,13606964,Team Fit Interview
8945172,13676473,Preliminary Screening
9009865,13785539,Typeform Screening
9056325,13978078,Secondary Preliminary Screening
9099664,13937921,Team Fit Interview
9110604,13954053,Former Manager
9172192,14047949,Final Interview (Company Fit)
9205871,14101930,Application Review
9376030,14375580,Application Review
9404611,14422039,Case Study Presentation
9411002,14430306,Case Study
9444306,14487643,Gallup StrengthsFinders
9457017,14506297,Team Fit Interview
9517940,14602092,Former Manager
9519783,14604662,Former Manager
9528987,14619110,Application Review
9536870,14631084,Technical Interview
9537194,14631556,Case Study
9557876,14663376,Culture & Team Fit
9585630,14710846,Final (Company Fit) Interview
9593968,14724942,StrengthsFinders
9659647,14829516,Typeform
9671514,14847313,Case Study
9676974,14856726,Team Fit Interview
9713382,14914598,Final Interview (Company Fit)
9788321,15030490,Gallup StrengthsFinders
9796075,15042619,Meet&Greet
10605238,16402591,Culture Interview
11111898,17206417,Team Fit Interview
11202782,17374694,StrengthsFinders
11352437,17662824,Application Review
11581590,18029117,Behavioral Phone Interview
11623162,18095709,Case Study
11653739,18156579,Team Fit Interview
11687572,18208983,Application Review
12023192,18804037,StrengthsFinders
12323337,19334242,Case Study Interview
12845043,20270983,Final (Company Fit) Interview
12872537,20320592,StrengthsFinders
12936889,20427431,Typeform Screening
12981838,20499550,Face to Face Interview
13134635,20741756,Final (Company Fit) Interview
13198608,20846314,Team Fit Interview
12914789,20391516,Technical Interview
13539575,21383311,Meet & Greet
13631038,21534067,Culture Fit Interview
13631210,21534345,Former Manager
13650787,21565740,StrengthsFinders
13750481,21730098,Case Study
2926220,4345578,Take Home Test
2927191,4346779,Former Manager
3025895,4487489,StrengthsFinders
3122514,4635932,Preliminary Screening Call
3182730,4727477,Preliminary Screening Call
3203298,4757525,StrengthsFinders
3255217,4832821,StrengthsFinders
3302648,4907060,Shortlist
3343593,4968430,Application Review
3424576,5089546,Former Manager
3500141,5201654,StrengthsFinders
3519213,5227587,Peer Panel Interview
3632392,5388398,Application Review
3683337,5461481,Application Review
3770854,5583537,StrengthsFinders
3846759,5689710,Team Fit Interview
3857694,5705308,Shortlist
3951264,5844864,Final Interview
4028965,6275972,Follow-up Closing Call
4103578,6069329,Technical Phone Interview
4329867,6401624,Shortlist
4660414,6894213,Preliminary Screening Call
4991992,7436343,Application Review
5314120,7914925,Follow-Up (Closing)
5750003,8561021,Preliminary Screening Call
5842761,8699689,First Face to Face
6000684,8933062,Competency and Culture Test
6018546,8959314,Culture Fit
6112098,9099215,Preliminary Screening
6366232,9486684,Competency and Culture Test
6409084,9565754,Case Study
6549012,9791994,Competency based F2F Interview
6610810,9892845,StrengthsFinders
6778462,10177722,Competency based interview
6846694,10289117,Competency based interview
7138379,10746636,Follow-Up Closing Call
7177755,10808495,Preliminary Screening Call
7227755,10887058,Application Review
7227895,10887275,Shortlist
7227943,11487046,Team Fit Interview
7311015,11022495,Case Study
7351247,11089077,Preliminary Screening Call
7547855,11411659,Technical Phone Interview
7584478,11469897,Shortlist
7658089,11787955,Preliminary Screening Call
7707826,11661255,Competency based F2F Interview
7777538,11769801,Culture & Team Fit Interview
7814403,11831360,StrengthsFinders
7907742,11986014,Team Fit
7927119,12016560,Meet & Greet
8115917,12328147,Shortlist
8134912,12359198,StrengthsFinders
8338220,12705872,StrengthsFinders
8414771,12830720,Functional Knowledge Interview
8482264,13090055,Technical Interview
8536581,13041383,StrengthsFinders
8566596,13087527,Culture and Values Alignment Interview
8577148,13103186,Preliminary Screening Call
8671326,13247373,Screening call
8808239,13978111,Meet & Greet
8901085,13606960,Face to Face Interview
8919612,13636048,Former Manager
8998302,13763247,Former Manager
9046655,13848379,Meet & Greet
9099663,13937918,Case Study
9110603,13954052,Meet and Greet
9172190,14356192,Team Interview
9186352,14069594,Final Interview (Company Fit)
9230497,14140005,Former Manager
9404607,14422034,Exploratory Chat
9411000,14430303,Preliminary Screening Call
9444247,14487565,Final (Company Fit) Interview
9457014,14506292,Face to Face Interview
9517939,14602089,Team Fit Interview
9519782,14604659,Team Fit Interview
9528599,14618605,Technical Interview
9536614,14630790,StrengthsFinders
9537192,14631553,Typeform Screening
9557497,14662870,Former Manager
9585629,14710843,Case Study
9593966,14724939,Final (Company Fit) Interview
9659464,14829283,Meet & Greet
9671512,14847310,Typeform Screening
9676972,14856723,Face to Face Interview
9713380,14914595,Case Study
9788319,15030487,Screening Call
9796074,15042616,Gallup StrengthsFinders
10605235,16402587,Typeform Screening
11111896,17206414,Case Study
11352368,17662734,Team/Culture Fit Interview
11546388,17973855,Former Manager
11623159,18095706,Application Review
11653736,18156576,Meet and greet
11687476,18208838,Team Fit Interview
12023190,18804033,Team Fit Interview
12273322,19246601,Reference Check
12845041,20270980,Preliminary Screening Call
12872535,20320588,Team fit interview
12915081,20391937,Team fit interview
12981836,20499547,Typeform Screening
13098321,20682645,StrengthsFinders
13134633,20741753,Preliminary Screening Call
13198605,20846311,Panel Interview
13233418,20902075,Former Manager
13539559,21383296,Culture & Values Alignment Interview
13631035,21534063,Preliminary Screening Call
13631208,21534342,Culture & Values Alignment Interview
13650786,21565737,Culture Interview
13734173,21704517,Former Manager
13750479,21730095,Application Review
2926185,4345543,Application Review
2926362,4345738,StrengthsFinders
2958762,4390163,Former Manager
3047030,4520967,Preliminary Screening Call
3135128,4654930,Skills and Behavioral Phone Interview
3197693,4749315,StrengthsFinders
3255131,4832714,Case Study
3291545,4890462,Shortlist
3336760,4958290,Application Review
3424572,5089539,Application Review
3497914,5198657,Final Interview
3519193,5227562,Shortlist
3595495,5335586,Application Review
3678252,5453289,Application Review
3724730,5519336,Case Study
3831676,5666898,Preliminary Screening Call
3849664,5693760,Preliminary Screening Call
3926545,5806794,Application Review
3980156,5884795,Former Manager
4060395,6016202,Preliminary Screening Call
4218575,6242536,Preliminary Screening Call
4640879,6864460,Preliminary Screening Call
4876621,7211309,Shortlist
5199381,7745796,Case Study
5749236,8559998,Technical Phone Interview
5838787,8693549,Final Interview (Company Fit)
5907718,8799145,Application Review
6009510,8945170,StrengthsFinders
6046960,8999114,Technical Interview
6355994,9470439,Case Study
6408531,9564742,Meet and greet
6484835,9680154,Preliminary Screening Call
6594348,9858572,Cultural Fit Interview
6731574,10099989,Final (Company Fit) Interview
6779461,10178965,Final Interview (Company Fit)
6942341,10439607,Meet and Greet
7177646,10808338,Technical Phone Interview
7206696,10855327,Preliminary Screening Call
7227829,10887169,First Face to Face
7227935,10887326,Former Manager
7287625,10982229,Preliminary Screening Call
7329076,11051303,Case Study
7430733,11223599,StrengthsFinders
7583166,11467799,Case Study
7614527,11517707,Follow-Up Closing Call
7685628,11787982,Preliminary Screening Call
7749700,11727194,Team Fit Interview
7807164,11819037,Case Study and Team Fit
7898665,11969272,Former Manager
7925511,13514009,Meet and greet
7964832,12079993,Shortlist
8126314,12344553,Final (Company Fit) Interview
8287840,13071233,Exploratory Chat
8355977,12763122,Presentation
8480567,12936759,Meet & Greet
8527013,13026335,Team Fit Interview
8563885,13083718,Data & Systems Aptitude Interview
8576989,13102981,Former Manager
8577658,13660113,Meet and Greet
8797543,13443693,Technical Interview
8855074,13531833,Presentation
8919258,13635598,Gallup StrengthsFinders
8978856,13733507,Application Review
9046651,13848372,Shortlist
9056453,13867190,Former Manager
9110501,14782810,Team Meet & Greet
9171440,14726628,Team Fit interview
9172559,14048491,Meet and greet
9230492,14139998,Preliminary Screening
9376218,14375865,Case Study
9404621,14422053,Meet & Greet
9411067,14430393,Functional Knowledge Interview
9455734,14504587,Final (Company Fit) Interview
9517853,14601982,Former Manager
9518685,14603122,StrengthsFinders
9528444,14618383,Former Manager
9536609,14630783,TypeForm Screening
9537066,14631377,Case Study
9557493,14662863,Screening Call
9558053,14767187,Email Task
9593892,14724848,Former Manager
9648373,14812095,Gallup StrengthsFinders
9671395,14847147,Case Study
9676849,14856504,Case Study
9696410,14887674,Meet & Greet
9779486,15016867,Former Manager
9788388,15030586,Meet & Greet
9805218,15056856,Meet & Greet
10943972,16927875,StrengthsFinders
11155888,17281046,Application Review
11351952,17662055,Former Manager
11546383,17973848,Shortlist
11621390,18093183,Application Review
11653718,18156559,Case Study
11667785,18177098,Former Manager
11836061,18468559,Case Study
12271420,19243438,Former Manager
12484389,19618098,Technical Interview
12845885,20272488,Former Manager
12936981,20427558,Case Study
13023769,20566772,Team Fit Interview
13098315,20682638,Application Review
13134643,20741766,Former Manager
13233413,20902067,Application Review
11155894,17281053,Former Manager
13375827,21123670,Competency Based Interview
13406909,21171482,Former Manager
13513112,21343137,Competency based interview
13234904,20904260,Cultural Fit Interview
13169774,20800666,Team Fit Interview
13604216,21489635,Former Manager
13367396,21110735,Gallup StrengthsFinder
13630946,21533939,Preliminary Screening Call
13638530,21546413,Case Study
13650331,21565098,Meet & Greet
13780870,21777277,Team Fit Interview
